price_multiplier,spot_price_inr,efv_mean_inr,efv_p05_inr,efv_p95_inr,prob_loss,decision,experiment_category
0.4,9.6,4121.11,1538.95,6503.49,0.002,BUY_NOW,COMPUTATIONAL_SWEEP
0.45,10.8,5120.0,2215.07,7800.17,0.0,BUY_NOW,COMPUTATIONAL_SWEEP
0.5,12.0,6118.88,2891.19,9096.86,0.0,BUY_NOW,COMPUTATIONAL_SWEEP
0.55,13.2,7117.77,3567.31,10393.54,0.0,BUY_NOW,COMPUTATIONAL_SWEEP
0.6,14.4,8116.66,4243.43,11690.23,0.0,BUY_NOW,COMPUTATIONAL_SWEEP
0.65,15.6,9115.55,4919.55,12986.92,0.0,BUY_NOW,COMPUTATIONAL_SWEEP
0.7,16.8,10114.44,5595.67,14283.6,0.0,BUY_NOW,COMPUTATIONAL_SWEEP
0.75,18.0,11113.33,6271.79,15580.29,0.0,BUY_NOW,COMPUTATIONAL_SWEEP
0.8,19.2,12112.21,6947.9,16876.97,0.0,BUY_NOW,COMPUTATIONAL_SWEEP
0.85,20.4,13111.1,7624.02,18173.66,0.0,BUY_NOW,COMPUTATIONAL_SWEEP
0.9,21.6,14109.99,8300.14,19470.35,0.0,BUY_NOW,COMPUTATIONAL_SWEEP
0.95,22.8,15108.88,8976.26,20767.03,0.0,BUY_NOW,COMPUTATIONAL_SWEEP
1.0,24.0,16107.77,9652.38,22063.72,0.0,BUY_NOW,COMPUTATIONAL_SWEEP
1.05,25.2,17106.66,10328.5,23360.4,0.0,BUY_NOW,COMPUTATIONAL_SWEEP
1.1,26.4,18105.54,11004.62,24657.09,0.0,BUY_NOW,COMPUTATIONAL_SWEEP
1.15,27.6,19104.43,11680.74,25953.77,0.0,BUY_NOW,COMPUTATIONAL_SWEEP
1.2,28.8,20103.32,12356.86,27250.46,0.0,BUY_NOW,COMPUTATIONAL_SWEEP
1.25,30.0,21102.21,13032.98,28547.15,0.0,BUY_NOW,COMPUTATIONAL_SWEEP
1.3,31.2,22101.1,13709.1,29843.83,0.0,BUY_NOW,COMPUTATIONAL_SWEEP
1.35,32.4,23099.99,14385.21,31140.52,0.0,BUY_NOW,COMPUTATIONAL_SWEEP
1.4,33.6,24098.87,15061.33,32437.2,0.0,BUY_NOW,COMPUTATIONAL_SWEEP
1.45,34.8,25097.76,15737.45,33733.89,0.0,BUY_NOW,COMPUTATIONAL_SWEEP
1.5,36.0,26096.65,16413.57,35030.58,0.0,BUY_NOW,COMPUTATIONAL_SWEEP
1.55,37.2,27095.54,17089.69,36327.26,0.0,BUY_NOW,COMPUTATIONAL_SWEEP
1.6,38.4,28094.43,17765.81,37623.95,0.0,BUY_NOW,COMPUTATIONAL_SWEEP
