storage_days,maturity_stage,efv_mean_inr,efv_p05_inr,efv_p95_inr,spoilage_pct_mean,prob_loss,experiment_category
0.0,Optimal,18624.47,11860.1,25432.29,3.69,0.0,COMPUTATIONAL_SWEEP
0.0,Ripe,18247.99,11577.0,25010.65,5.3,0.0,COMPUTATIONAL_SWEEP
0.5,Optimal,16969.89,10774.82,23368.18,10.73,0.0,COMPUTATIONAL_SWEEP
0.5,Ripe,15933.34,9976.69,22042.48,15.17,0.0,COMPUTATIONAL_SWEEP
1.0,Optimal,15437.02,9603.56,21421.52,17.25,0.0,COMPUTATIONAL_SWEEP
1.0,Ripe,13861.66,8572.44,19339.83,24.0,0.0,COMPUTATIONAL_SWEEP
1.5,Optimal,14016.74,8670.84,19556.98,23.29,0.0,COMPUTATIONAL_SWEEP
1.5,Ripe,12007.07,7141.16,16830.11,31.9,0.0,COMPUTATIONAL_SWEEP
2.0,Optimal,12693.72,5596.09,19887.56,28.88,0.0,COMPUTATIONAL_SWEEP
2.0,Ripe,10339.73,4351.59,16450.32,38.97,0.004,COMPUTATIONAL_SWEEP
2.5,Optimal,11474.02,4941.95,18071.71,34.06,0.002,COMPUTATIONAL_SWEEP
2.5,Ripe,8852.57,3351.65,14287.24,45.29,0.006,COMPUTATIONAL_SWEEP
3.0,Optimal,10347.03,2871.96,17826.34,38.86,0.014,COMPUTATIONAL_SWEEP
3.0,Ripe,7522.42,1613.99,13505.09,50.96,0.022,COMPUTATIONAL_SWEEP
3.5,Optimal,9298.55,2383.16,16234.15,43.31,0.018,COMPUTATIONAL_SWEEP
3.5,Ripe,6328.23,935.08,11867.84,56.03,0.03,COMPUTATIONAL_SWEEP
4.0,Optimal,8341.39,918.57,15741.03,47.43,0.042,COMPUTATIONAL_SWEEP
4.0,Ripe,5268.48,-253.59,11009.98,60.57,0.068,COMPUTATIONAL_SWEEP
4.5,Optimal,7438.89,524.44,14423.04,51.24,0.046,COMPUTATIONAL_SWEEP
4.5,Ripe,4307.8,-671.39,9492.34,64.64,0.086,COMPUTATIONAL_SWEEP
5.0,Optimal,6627.17,-512.88,13843.96,54.78,0.068,COMPUTATIONAL_SWEEP
5.0,Ripe,3463.68,-1551.96,8670.41,68.28,0.138,COMPUTATIONAL_SWEEP
5.5,Optimal,5849.12,-795.24,12435.13,58.05,0.084,COMPUTATIONAL_SWEEP
5.5,Ripe,2689.23,-1788.62,7348.42,71.54,0.174,COMPUTATIONAL_SWEEP
6.0,Optimal,5154.83,-1567.83,11856.87,61.09,0.114,COMPUTATIONAL_SWEEP
6.0,Ripe,2012.2,-2328.27,6577.06,74.47,0.244,COMPUTATIONAL_SWEEP
6.5,Optimal,4483.34,-1766.95,10811.26,63.91,0.126,COMPUTATIONAL_SWEEP
6.5,Ripe,1386.82,-2516.1,5556.59,77.09,0.304,COMPUTATIONAL_SWEEP
7.0,Optimal,3886.84,-2131.25,10213.14,66.51,0.164,COMPUTATIONAL_SWEEP
7.0,Ripe,841.43,-2845.41,4867.66,79.44,0.386,COMPUTATIONAL_SWEEP
