temperature_c,maturity_stage,spoilage_rate_fraction,spoilage_pct,effective_k,shelf_life_days,experiment_category,underlying_law
15.0,Immature,0.0478,4.78,0.0391,17.7,COMPUTATIONAL_SWEEP,Arrhenius Respiration Kinetics (Q10=2.15)
15.0,Optimal,0.0675,6.75,0.0559,12.4,COMPUTATIONAL_SWEEP,Arrhenius Respiration Kinetics (Q10=2.15)
15.0,Ripe,0.0964,9.64,0.0811,8.5,COMPUTATIONAL_SWEEP,Arrhenius Respiration Kinetics (Q10=2.15)
15.0,Overripe,0.1485,14.85,0.1286,5.4,COMPUTATIONAL_SWEEP,Arrhenius Respiration Kinetics (Q10=2.15)
16.0,Immature,0.0515,5.15,0.0423,16.4,COMPUTATIONAL_SWEEP,Arrhenius Respiration Kinetics (Q10=2.15)
16.0,Optimal,0.0727,7.27,0.0604,11.5,COMPUTATIONAL_SWEEP,Arrhenius Respiration Kinetics (Q10=2.15)
16.0,Ripe,0.1037,10.37,0.0875,7.9,COMPUTATIONAL_SWEEP,Arrhenius Respiration Kinetics (Q10=2.15)
16.0,Overripe,0.1593,15.93,0.1389,5.0,COMPUTATIONAL_SWEEP,Arrhenius Respiration Kinetics (Q10=2.15)
17.0,Immature,0.0554,5.54,0.0456,15.2,COMPUTATIONAL_SWEEP,Arrhenius Respiration Kinetics (Q10=2.15)
17.0,Optimal,0.0782,7.82,0.0652,10.6,COMPUTATIONAL_SWEEP,Arrhenius Respiration Kinetics (Q10=2.15)
17.0,Ripe,0.1114,11.14,0.0945,7.3,COMPUTATIONAL_SWEEP,Arrhenius Respiration Kinetics (Q10=2.15)
17.0,Overripe,0.1709,17.09,0.1499,4.6,COMPUTATIONAL_SWEEP,Arrhenius Respiration Kinetics (Q10=2.15)
18.0,Immature,0.0597,5.97,0.0493,14.1,COMPUTATIONAL_SWEEP,Arrhenius Respiration Kinetics (Q10=2.15)
18.0,Optimal,0.0842,8.42,0.0704,9.9,COMPUTATIONAL_SWEEP,Arrhenius Respiration Kinetics (Q10=2.15)
18.0,Ripe,0.1197,11.97,0.102,6.8,COMPUTATIONAL_SWEEP,Arrhenius Respiration Kinetics (Q10=2.15)
18.0,Overripe,0.1831,18.31,0.1618,4.3,COMPUTATIONAL_SWEEP,Arrhenius Respiration Kinetics (Q10=2.15)
19.0,Immature,0.0643,6.43,0.0532,13.0,COMPUTATIONAL_SWEEP,Arrhenius Respiration Kinetics (Q10=2.15)
19.0,Optimal,0.0906,9.06,0.076,9.1,COMPUTATIONAL_SWEEP,Arrhenius Respiration Kinetics (Q10=2.15)
19.0,Ripe,0.1286,12.86,0.1101,6.3,COMPUTATIONAL_SWEEP,Arrhenius Respiration Kinetics (Q10=2.15)
19.0,Overripe,0.1962,19.62,0.1747,4.0,COMPUTATIONAL_SWEEP,Arrhenius Respiration Kinetics (Q10=2.15)
20.0,Immature,0.0692,6.92,0.0574,12.1,COMPUTATIONAL_SWEEP,Arrhenius Respiration Kinetics (Q10=2.15)
20.0,Optimal,0.0974,9.74,0.082,8.5,COMPUTATIONAL_SWEEP,Arrhenius Respiration Kinetics (Q10=2.15)
20.0,Ripe,0.1381,13.81,0.1189,5.8,COMPUTATIONAL_SWEEP,Arrhenius Respiration Kinetics (Q10=2.15)
20.0,Overripe,0.21,21.0,0.1886,3.7,COMPUTATIONAL_SWEEP,Arrhenius Respiration Kinetics (Q10=2.15)
21.0,Immature,0.0745,7.45,0.062,11.2,COMPUTATIONAL_SWEEP,Arrhenius Respiration Kinetics (Q10=2.15)
21.0,Optimal,0.1048,10.48,0.0885,7.8,COMPUTATIONAL_SWEEP,Arrhenius Respiration Kinetics (Q10=2.15)
21.0,Ripe,0.1482,14.82,0.1284,5.4,COMPUTATIONAL_SWEEP,Arrhenius Respiration Kinetics (Q10=2.15)
21.0,Overripe,0.2247,22.47,0.2036,3.4,COMPUTATIONAL_SWEEP,Arrhenius Respiration Kinetics (Q10=2.15)
22.0,Immature,0.0802,8.02,0.0669,10.4,COMPUTATIONAL_SWEEP,Arrhenius Respiration Kinetics (Q10=2.15)
22.0,Optimal,0.1126,11.26,0.0956,7.3,COMPUTATIONAL_SWEEP,Arrhenius Respiration Kinetics (Q10=2.15)
22.0,Ripe,0.159,15.9,0.1386,5.0,COMPUTATIONAL_SWEEP,Arrhenius Respiration Kinetics (Q10=2.15)
22.0,Overripe,0.2402,24.02,0.2198,3.2,COMPUTATIONAL_SWEEP,Arrhenius Respiration Kinetics (Q10=2.15)
23.0,Immature,0.0863,8.63,0.0722,9.6,COMPUTATIONAL_SWEEP,Arrhenius Respiration Kinetics (Q10=2.15)
23.0,Optimal,0.121,12.1,0.1032,6.7,COMPUTATIONAL_SWEEP,Arrhenius Respiration Kinetics (Q10=2.15)
23.0,Ripe,0.1705,17.05,0.1496,4.6,COMPUTATIONAL_SWEEP,Arrhenius Respiration Kinetics (Q10=2.15)
23.0,Overripe,0.2567,25.67,0.2373,2.9,COMPUTATIONAL_SWEEP,Arrhenius Respiration Kinetics (Q10=2.15)
24.0,Immature,0.0929,9.29,0.078,8.9,COMPUTATIONAL_SWEEP,Arrhenius Respiration Kinetics (Q10=2.15)
24.0,Optimal,0.13,13.0,0.1114,6.2,COMPUTATIONAL_SWEEP,Arrhenius Respiration Kinetics (Q10=2.15)
24.0,Ripe,0.1828,18.28,0.1615,4.3,COMPUTATIONAL_SWEEP,Arrhenius Respiration Kinetics (Q10=2.15)
24.0,Overripe,0.274,27.4,0.2562,2.7,COMPUTATIONAL_SWEEP,Arrhenius Respiration Kinetics (Q10=2.15)
25.0,Immature,0.0999,9.99,0.0842,8.2,COMPUTATIONAL_SWEEP,Arrhenius Respiration Kinetics (Q10=2.15)
25.0,Optimal,0.1395,13.95,0.1202,5.8,COMPUTATIONAL_SWEEP,Arrhenius Respiration Kinetics (Q10=2.15)
25.0,Ripe,0.1958,19.58,0.1743,4.0,COMPUTATIONAL_SWEEP,Arrhenius Respiration Kinetics (Q10=2.15)
25.0,Overripe,0.2923,29.23,0.2765,2.5,COMPUTATIONAL_SWEEP,Arrhenius Respiration Kinetics (Q10=2.15)
26.0,Immature,0.1074,10.74,0.0909,7.6,COMPUTATIONAL_SWEEP,Arrhenius Respiration Kinetics (Q10=2.15)
26.0,Optimal,0.1498,14.98,0.1298,5.3,COMPUTATIONAL_SWEEP,Arrhenius Respiration Kinetics (Q10=2.15)
26.0,Ripe,0.2096,20.96,0.1882,3.7,COMPUTATIONAL_SWEEP,Arrhenius Respiration Kinetics (Q10=2.15)
26.0,Overripe,0.3115,31.15,0.2985,2.3,COMPUTATIONAL_SWEEP,Arrhenius Respiration Kinetics (Q10=2.15)
27.0,Immature,0.1154,11.54,0.0981,7.1,COMPUTATIONAL_SWEEP,Arrhenius Respiration Kinetics (Q10=2.15)
27.0,Optimal,0.1607,16.07,0.1401,4.9,COMPUTATIONAL_SWEEP,Arrhenius Respiration Kinetics (Q10=2.15)
27.0,Ripe,0.2243,22.43,0.2032,3.4,COMPUTATIONAL_SWEEP,Arrhenius Respiration Kinetics (Q10=2.15)
27.0,Overripe,0.3316,33.16,0.3223,2.2,COMPUTATIONAL_SWEEP,Arrhenius Respiration Kinetics (Q10=2.15)
28.0,Immature,0.124,12.4,0.1059,6.5,COMPUTATIONAL_SWEEP,Arrhenius Respiration Kinetics (Q10=2.15)
28.0,Optimal,0.1723,17.23,0.1513,4.6,COMPUTATIONAL_SWEEP,Arrhenius Respiration Kinetics (Q10=2.15)
28.0,Ripe,0.2398,23.98,0.2193,3.2,COMPUTATIONAL_SWEEP,Arrhenius Respiration Kinetics (Q10=2.15)
28.0,Overripe,0.3527,35.27,0.3479,2.0,COMPUTATIONAL_SWEEP,Arrhenius Respiration Kinetics (Q10=2.15)
29.0,Immature,0.1332,13.32,0.1143,6.1,COMPUTATIONAL_SWEEP,Arrhenius Respiration Kinetics (Q10=2.15)
29.0,Optimal,0.1846,18.46,0.1633,4.2,COMPUTATIONAL_SWEEP,Arrhenius Respiration Kinetics (Q10=2.15)
29.0,Ripe,0.2562,25.62,0.2368,2.9,COMPUTATIONAL_SWEEP,Arrhenius Respiration Kinetics (Q10=2.15)
29.0,Overripe,0.3747,37.47,0.3756,1.8,COMPUTATIONAL_SWEEP,Arrhenius Respiration Kinetics (Q10=2.15)
30.0,Immature,0.143,14.3,0.1234,5.6,COMPUTATIONAL_SWEEP,Arrhenius Respiration Kinetics (Q10=2.15)
30.0,Optimal,0.1978,19.78,0.1763,3.9,COMPUTATIONAL_SWEEP,Arrhenius Respiration Kinetics (Q10=2.15)
30.0,Ripe,0.2735,27.35,0.2556,2.7,COMPUTATIONAL_SWEEP,Arrhenius Respiration Kinetics (Q10=2.15)
30.0,Overripe,0.3976,39.76,0.4055,1.7,COMPUTATIONAL_SWEEP,Arrhenius Respiration Kinetics (Q10=2.15)
31.0,Immature,0.1534,15.34,0.1332,5.2,COMPUTATIONAL_SWEEP,Arrhenius Respiration Kinetics (Q10=2.15)
31.0,Optimal,0.2117,21.17,0.1903,3.6,COMPUTATIONAL_SWEEP,Arrhenius Respiration Kinetics (Q10=2.15)
31.0,Ripe,0.2918,29.18,0.276,2.5,COMPUTATIONAL_SWEEP,Arrhenius Respiration Kinetics (Q10=2.15)
31.0,Overripe,0.4214,42.14,0.4377,1.6,COMPUTATIONAL_SWEEP,Arrhenius Respiration Kinetics (Q10=2.15)
32.0,Immature,0.1645,16.45,0.1438,4.8,COMPUTATIONAL_SWEEP,Arrhenius Respiration Kinetics (Q10=2.15)
32.0,Optimal,0.2265,22.65,0.2055,3.4,COMPUTATIONAL_SWEEP,Arrhenius Respiration Kinetics (Q10=2.15)
32.0,Ripe,0.3109,31.09,0.2979,2.3,COMPUTATIONAL_SWEEP,Arrhenius Respiration Kinetics (Q10=2.15)
32.0,Overripe,0.4461,44.61,0.4726,1.5,COMPUTATIONAL_SWEEP,Arrhenius Respiration Kinetics (Q10=2.15)
33.0,Immature,0.1764,17.64,0.1553,4.5,COMPUTATIONAL_SWEEP,Arrhenius Respiration Kinetics (Q10=2.15)
33.0,Optimal,0.2421,24.21,0.2218,3.1,COMPUTATIONAL_SWEEP,Arrhenius Respiration Kinetics (Q10=2.15)
33.0,Ripe,0.331,33.1,0.3216,2.2,COMPUTATIONAL_SWEEP,Arrhenius Respiration Kinetics (Q10=2.15)
33.0,Overripe,0.4715,47.15,0.5102,1.4,COMPUTATIONAL_SWEEP,Arrhenius Respiration Kinetics (Q10=2.15)
34.0,Immature,0.189,18.9,0.1676,4.1,COMPUTATIONAL_SWEEP,Arrhenius Respiration Kinetics (Q10=2.15)
34.0,Optimal,0.2587,25.87,0.2395,2.9,COMPUTATIONAL_SWEEP,Arrhenius Respiration Kinetics (Q10=2.15)
34.0,Ripe,0.3521,35.21,0.3472,2.0,COMPUTATIONAL_SWEEP,Arrhenius Respiration Kinetics (Q10=2.15)
34.0,Overripe,0.4976,49.76,0.5508,1.3,COMPUTATIONAL_SWEEP,Arrhenius Respiration Kinetics (Q10=2.15)
35.0,Immature,0.2024,20.24,0.181,3.8,COMPUTATIONAL_SWEEP,Arrhenius Respiration Kinetics (Q10=2.15)
35.0,Optimal,0.2761,27.61,0.2585,2.7,COMPUTATIONAL_SWEEP,Arrhenius Respiration Kinetics (Q10=2.15)
35.0,Ripe,0.3741,37.41,0.3748,1.8,COMPUTATIONAL_SWEEP,Arrhenius Respiration Kinetics (Q10=2.15)
35.0,Overripe,0.5244,52.44,0.5946,1.2,COMPUTATIONAL_SWEEP,Arrhenius Respiration Kinetics (Q10=2.15)
36.0,Immature,0.2167,21.67,0.1954,3.5,COMPUTATIONAL_SWEEP,Arrhenius Respiration Kinetics (Q10=2.15)
36.0,Optimal,0.2945,29.45,0.2791,2.5,COMPUTATIONAL_SWEEP,Arrhenius Respiration Kinetics (Q10=2.15)
36.0,Ripe,0.397,39.7,0.4047,1.7,COMPUTATIONAL_SWEEP,Arrhenius Respiration Kinetics (Q10=2.15)
36.0,Overripe,0.5517,55.17,0.6419,1.1,COMPUTATIONAL_SWEEP,Arrhenius Respiration Kinetics (Q10=2.15)
37.0,Immature,0.2317,23.17,0.2109,3.3,COMPUTATIONAL_SWEEP,Arrhenius Respiration Kinetics (Q10=2.15)
37.0,Optimal,0.3138,31.38,0.3013,2.3,COMPUTATIONAL_SWEEP,Arrhenius Respiration Kinetics (Q10=2.15)
37.0,Ripe,0.4208,42.08,0.4368,1.6,COMPUTATIONAL_SWEEP,Arrhenius Respiration Kinetics (Q10=2.15)
37.0,Overripe,0.5794,57.94,0.6929,1.0,COMPUTATIONAL_SWEEP,Arrhenius Respiration Kinetics (Q10=2.15)
38.0,Immature,0.2477,24.77,0.2277,3.0,COMPUTATIONAL_SWEEP,Arrhenius Respiration Kinetics (Q10=2.15)
38.0,Optimal,0.3341,33.41,0.3252,2.1,COMPUTATIONAL_SWEEP,Arrhenius Respiration Kinetics (Q10=2.15)
38.0,Ripe,0.4454,44.54,0.4716,1.5,COMPUTATIONAL_SWEEP,Arrhenius Respiration Kinetics (Q10=2.15)
38.0,Overripe,0.6074,60.74,0.7481,0.9,COMPUTATIONAL_SWEEP,Arrhenius Respiration Kinetics (Q10=2.15)
39.0,Immature,0.2645,26.45,0.2458,2.8,COMPUTATIONAL_SWEEP,Arrhenius Respiration Kinetics (Q10=2.15)
39.0,Optimal,0.3552,35.52,0.3511,2.0,COMPUTATIONAL_SWEEP,Arrhenius Respiration Kinetics (Q10=2.15)
39.0,Ripe,0.4708,47.08,0.5091,1.4,COMPUTATIONAL_SWEEP,Arrhenius Respiration Kinetics (Q10=2.15)
39.0,Overripe,0.6356,63.56,0.8076,0.9,COMPUTATIONAL_SWEEP,Arrhenius Respiration Kinetics (Q10=2.15)
40.0,Immature,0.2823,28.23,0.2653,2.6,COMPUTATIONAL_SWEEP,Arrhenius Respiration Kinetics (Q10=2.15)
40.0,Optimal,0.3774,37.74,0.379,1.8,COMPUTATIONAL_SWEEP,Arrhenius Respiration Kinetics (Q10=2.15)
40.0,Ripe,0.4969,49.69,0.5496,1.3,COMPUTATIONAL_SWEEP,Arrhenius Respiration Kinetics (Q10=2.15)
40.0,Overripe,0.6637,66.37,0.8718,0.8,COMPUTATIONAL_SWEEP,Arrhenius Respiration Kinetics (Q10=2.15)
41.0,Immature,0.301,30.1,0.2864,2.4,COMPUTATIONAL_SWEEP,Arrhenius Respiration Kinetics (Q10=2.15)
41.0,Optimal,0.4004,40.04,0.4092,1.7,COMPUTATIONAL_SWEEP,Arrhenius Respiration Kinetics (Q10=2.15)
41.0,Ripe,0.5237,52.37,0.5933,1.2,COMPUTATIONAL_SWEEP,Arrhenius Respiration Kinetics (Q10=2.15)
41.0,Overripe,0.6916,69.16,0.9412,0.7,COMPUTATIONAL_SWEEP,Arrhenius Respiration Kinetics (Q10=2.15)
42.0,Immature,0.3206,32.06,0.3092,2.2,COMPUTATIONAL_SWEEP,Arrhenius Respiration Kinetics (Q10=2.15)
42.0,Optimal,0.4243,42.43,0.4418,1.6,COMPUTATIONAL_SWEEP,Arrhenius Respiration Kinetics (Q10=2.15)
42.0,Ripe,0.551,55.1,0.6405,1.1,COMPUTATIONAL_SWEEP,Arrhenius Respiration Kinetics (Q10=2.15)
42.0,Overripe,0.7192,71.92,1.016,0.7,COMPUTATIONAL_SWEEP,Arrhenius Respiration Kinetics (Q10=2.15)
43.0,Immature,0.3412,34.12,0.3338,2.1,COMPUTATIONAL_SWEEP,Arrhenius Respiration Kinetics (Q10=2.15)
43.0,Optimal,0.4491,44.91,0.4769,1.5,COMPUTATIONAL_SWEEP,Arrhenius Respiration Kinetics (Q10=2.15)
43.0,Ripe,0.5787,57.87,0.6915,1.0,COMPUTATIONAL_SWEEP,Arrhenius Respiration Kinetics (Q10=2.15)
43.0,Overripe,0.7462,74.62,1.0969,0.6,COMPUTATIONAL_SWEEP,Arrhenius Respiration Kinetics (Q10=2.15)
44.0,Immature,0.3627,36.27,0.3604,1.9,COMPUTATIONAL_SWEEP,Arrhenius Respiration Kinetics (Q10=2.15)
44.0,Optimal,0.4746,47.46,0.5148,1.3,COMPUTATIONAL_SWEEP,Arrhenius Respiration Kinetics (Q10=2.15)
44.0,Ripe,0.6067,60.67,0.7465,0.9,COMPUTATIONAL_SWEEP,Arrhenius Respiration Kinetics (Q10=2.15)
44.0,Overripe,0.7724,77.24,1.1841,0.6,COMPUTATIONAL_SWEEP,Arrhenius Respiration Kinetics (Q10=2.15)
45.0,Immature,0.3851,38.51,0.3891,1.8,COMPUTATIONAL_SWEEP,Arrhenius Respiration Kinetics (Q10=2.15)
45.0,Optimal,0.5008,50.08,0.5558,1.2,COMPUTATIONAL_SWEEP,Arrhenius Respiration Kinetics (Q10=2.15)
45.0,Ripe,0.6348,63.48,0.8059,0.9,COMPUTATIONAL_SWEEP,Arrhenius Respiration Kinetics (Q10=2.15)
45.0,Overripe,0.7977,79.77,1.2783,0.5,COMPUTATIONAL_SWEEP,Arrhenius Respiration Kinetics (Q10=2.15)
